-- phpMyAdmin SQL Dump
-- version 4.5.1
-- http://www.phpmyadmin.net
--
-- Servidor: 127.0.0.1
-- Tiempo de generación: 07-12-2016 a las 20:08:32
-- Versión del servidor: 10.1.16-MariaDB
-- Versión de PHP: 5.6.24

SET SQL_MODE = "NO_AUTO_VALUE_ON_ZERO";
SET time_zone = "+00:00";


/*!40101 SET @OLD_CHARACTER_SET_CLIENT=@@CHARACTER_SET_CLIENT */;
/*!40101 SET @OLD_CHARACTER_SET_RESULTS=@@CHARACTER_SET_RESULTS */;
/*!40101 SET @OLD_COLLATION_CONNECTION=@@COLLATION_CONNECTION */;
/*!40101 SET NAMES utf8mb4 */;

--
-- Base de datos: `radardgt`
--
CREATE DATABASE IF NOT EXISTS `radardgt` DEFAULT CHARACTER SET latin1 COLLATE latin1_swedish_ci;
USE `radardgt`;

-- --------------------------------------------------------

--
-- Estructura de tabla para la tabla `expediente`
--

CREATE TABLE `expediente` (
  `idExpediente` int(11) NOT NULL,
  `matricula` int(11) NOT NULL,
  `DNI` varchar(40) NOT NULL,
  `Nombre` varchar(40) NOT NULL,
  `Apellidos` varchar(40) NOT NULL,
  `idsancion` int(11) NOT NULL,
  `precio` double NOT NULL,
  `puntos` int(11) NOT NULL
) ENGINE=InnoDB DEFAULT CHARSET=latin1;

--
-- Volcado de datos para la tabla `expediente`
--

INSERT INTO `expediente` (`idExpediente`, `matricula`, `DNI`, `Nombre`, `Apellidos`, `idsancion`, `precio`, `puntos`) VALUES
(999, 56722, '13703801-W', 'Enriques', 'Sánchez Castillas', 1578, 300, 2),
(1029, 56722, '13703801-W', 'Enriques', 'Sánchez Castillas', 1355, 600, 6),
(1164, 56722, '13703801-W', 'Enriques', 'Sánchez Castillas', 1595, 300, 2),
(1168, 56722, '13703801-W', 'Enriques', 'Sánchez Castillas', 1102, 400, 4),
(1268, 17989, '85512123-W', 'javier', 'martin', 1374, 300, 2),
(1455, 45222, '85512123-W', 'javier', 'martin', 1679, 400, 4),
(1534, 56722, '13703801-W', 'Enriques', 'Sánchez Castillas', 1009, 600, 6),
(1561, 56722, '13703801-W', 'Enriques', 'Sánchez Castillas', 1732, 400, 4),
(1590, 19648, '18409392-E', 'Jesus', 'Castelló Ferrer', 1283, 600, 6),
(1703, 19648, '18409392-E', 'Jesus', 'Castelló Ferrer', 1714, 600, 6);

-- --------------------------------------------------------

--
-- Estructura de tabla para la tabla `propietario`
--

CREATE TABLE `propietario` (
  `DNI` varchar(40) NOT NULL,
  `Nombre` varchar(40) NOT NULL,
  `Apellidos` varchar(40) NOT NULL,
  `puntos` int(11) NOT NULL
) ENGINE=InnoDB DEFAULT CHARSET=latin1;

--
-- Volcado de datos para la tabla `propietario`
--

INSERT INTO `propietario` (`DNI`, `Nombre`, `Apellidos`, `puntos`) VALUES
('13703801-W', 'Enriques', 'Sánchez Castillas', 14),
('18409392-E', 'Jesus', 'Castelló Ferrer', 6),
('19503850-I', 'Patricia', 'Fábregas Durán', 12),
('85512123-W', 'javier', 'martin', 12);

-- --------------------------------------------------------

--
-- Estructura de tabla para la tabla `sancion`
--

CREATE TABLE `sancion` (
  `idsancion` int(11) NOT NULL,
  `matricula` int(11) NOT NULL,
  `puntos` int(11) NOT NULL,
  `precioSancion` double NOT NULL,
  `Vsancion` int(1) NOT NULL
) ENGINE=InnoDB DEFAULT CHARSET=latin1;

--
-- Volcado de datos para la tabla `sancion`
--

INSERT INTO `sancion` (`idsancion`, `matricula`, `puntos`, `precioSancion`, `Vsancion`) VALUES
(999, 19648, 2, 300, 1),
(1002, 45222, 0, 100, 0),
(1004, 56722, 4, 400, 1),
(1006, 19648, 0, 100, 0),
(1008, 19648, 0, 100, 0),
(1009, 56722, 6, 600, 1),
(1010, 19648, 4, 400, 1),
(1014, 19648, 0, 100, 1),
(1015, 17989, 0, 100, 0),
(1023, 45222, 0, 100, 0),
(1025, 56722, 2, 300, 0),
(1031, 56722, 0, 100, 1),
(1037, 45222, 4, 400, 1),
(1042, 17989, 0, 100, 0),
(1046, 56722, 6, 500, 1),
(1047, 19648, 2, 300, 0),
(1048, 19648, 6, 600, 1),
(1055, 56722, 6, 500, 1),
(1056, 19648, 6, 600, 1),
(1062, 19648, 0, 100, 1),
(1064, 45222, 0, 100, 1),
(1067, 17989, 0, 100, 1),
(1070, 19648, 0, 100, 0),
(1079, 19648, 6, 500, 0),
(1080, 19648, 0, 100, 0),
(1085, 45222, 0, 100, 1),
(1090, 56722, 6, 600, 1),
(1094, 17989, 6, 600, 1),
(1102, 17989, 6, 600, 0),
(1107, 56722, 2, 300, 1),
(1108, 19648, 2, 300, 0),
(1109, 56722, 0, 100, 0),
(1115, 17989, 0, 100, 1),
(1116, 19648, 6, 600, 1),
(1117, 19648, 6, 500, 0),
(1119, 19648, 4, 400, 1),
(1125, 19648, 2, 300, 1),
(1128, 45222, 2, 300, 1),
(1135, 56722, 6, 500, 1),
(1139, 45222, 2, 300, 1),
(1141, 45222, 2, 300, 0),
(1142, 19648, 6, 600, 1),
(1146, 17989, 6, 600, 1),
(1151, 19648, 6, 600, 0),
(1153, 56722, 0, 100, 0),
(1157, 45222, 6, 600, 0),
(1161, 17989, 0, 100, 0),
(1165, 45222, 0, 100, 0),
(1168, 17989, 6, 500, 0),
(1169, 17989, 2, 300, 0),
(1173, 19648, 4, 400, 0),
(1188, 56722, 2, 300, 0),
(1198, 56722, 0, 100, 1),
(1199, 19648, 0, 100, 0),
(1202, 17989, 4, 400, 0),
(1206, 45222, 6, 600, 0),
(1211, 17989, 0, 100, 1),
(1218, 19648, 0, 100, 1),
(1228, 56722, 6, 600, 0),
(1232, 45222, 2, 300, 0),
(1233, 19648, 0, 100, 0),
(1237, 56722, 6, 600, 1),
(1244, 45222, 0, 100, 0),
(1247, 17989, 6, 600, 0),
(1252, 19648, 2, 300, 1),
(1254, 19648, 2, 300, 1),
(1261, 17989, 0, 100, 0),
(1262, 56722, 2, 300, 0),
(1267, 45222, 6, 600, 0),
(1273, 19648, 4, 400, 0),
(1274, 56722, 4, 400, 0),
(1276, 19648, 2, 300, 1),
(1280, 19648, 4, 400, 1),
(1283, 19648, 6, 600, 0),
(1285, 19648, 0, 100, 0),
(1286, 19648, 4, 400, 0),
(1287, 56722, 6, 500, 1),
(1289, 45222, 0, 100, 1),
(1293, 45222, 4, 400, 0),
(1294, 17989, 0, 100, 1),
(1295, 17989, 2, 300, 1),
(1297, 19648, 0, 100, 0),
(1305, 17989, 6, 500, 1),
(1307, 19648, 2, 300, 0),
(1310, 45222, 0, 100, 0),
(1316, 19648, 6, 600, 0),
(1317, 45222, 0, 100, 1),
(1318, 56722, 6, 600, 0),
(1319, 17989, 0, 100, 0),
(1320, 19648, 4, 400, 1),
(1328, 56722, 6, 600, 0),
(1343, 19648, 2, 300, 0),
(1346, 17989, 2, 300, 1),
(1347, 45222, 0, 100, 1),
(1353, 19648, 6, 600, 1),
(1354, 19648, 2, 300, 1),
(1355, 56722, 6, 600, 1),
(1365, 19648, 0, 100, 1),
(1370, 45222, 2, 300, 0),
(1374, 17989, 2, 300, 1),
(1380, 17989, 0, 100, 1),
(1382, 19648, 2, 300, 1),
(1383, 17989, 4, 400, 0),
(1386, 45222, 0, 100, 0),
(1387, 17989, 0, 100, 1),
(1388, 19648, 6, 600, 0),
(1397, 19648, 2, 300, 0),
(1401, 19648, 6, 600, 0),
(1406, 17989, 0, 100, 0),
(1412, 19648, 0, 100, 0),
(1414, 45222, 6, 600, 0),
(1416, 19648, 0, 100, 1),
(1417, 45222, 6, 600, 1),
(1418, 56722, 4, 400, 1),
(1425, 45222, 2, 300, 0),
(1427, 17989, 6, 600, 1),
(1429, 19648, 0, 100, 0),
(1438, 17989, 0, 100, 0),
(1447, 19648, 0, 100, 0),
(1458, 19648, 0, 100, 0),
(1460, 45222, 6, 500, 1),
(1461, 56722, 2, 300, 1),
(1462, 19648, 4, 400, 0),
(1465, 19648, 0, 100, 0),
(1468, 17989, 0, 100, 1),
(1471, 19648, 0, 100, 1),
(1472, 19648, 0, 100, 0),
(1474, 17989, 2, 300, 1),
(1476, 45222, 0, 100, 0),
(1484, 45222, 2, 300, 1),
(1487, 17989, 0, 100, 1),
(1488, 17989, 6, 600, 0),
(1490, 17989, 0, 100, 0),
(1491, 56722, 0, 100, 0),
(1492, 45222, 0, 100, 1),
(1494, 17989, 0, 100, 1),
(1501, 56722, 4, 400, 0),
(1507, 45222, 4, 400, 0),
(1512, 45222, 6, 500, 0),
(1525, 19648, 6, 600, 1),
(1526, 45222, 2, 300, 1),
(1532, 19648, 0, 100, 1),
(1536, 19648, 0, 100, 1),
(1537, 17989, 6, 600, 0),
(1542, 19648, 0, 100, 1),
(1544, 17989, 6, 500, 0),
(1547, 19648, 2, 300, 1),
(1548, 17989, 0, 100, 0),
(1552, 17989, 2, 300, 1),
(1554, 45222, 2, 300, 0),
(1556, 17989, 0, 100, 0),
(1567, 17989, 6, 600, 0),
(1569, 45222, 2, 300, 1),
(1576, 19648, 4, 400, 0),
(1577, 56722, 4, 400, 1),
(1578, 56722, 2, 300, 0),
(1580, 17989, 0, 100, 1),
(1583, 17989, 0, 100, 0),
(1585, 45222, 6, 600, 0),
(1589, 56722, 6, 600, 0),
(1590, 19648, 6, 600, 1),
(1591, 19648, 2, 300, 0),
(1595, 56722, 2, 300, 1),
(1596, 45222, 6, 600, 1),
(1599, 19648, 4, 400, 1),
(1607, 19648, 6, 500, 1),
(1613, 17989, 2, 300, 0),
(1614, 56722, 6, 500, 1),
(1617, 45222, 2, 300, 0),
(1622, 56722, 2, 300, 0),
(1624, 45222, 6, 600, 0),
(1629, 19648, 4, 400, 1),
(1636, 45222, 2, 300, 1),
(1638, 19648, 2, 300, 0),
(1641, 19648, 6, 600, 0),
(1645, 19648, 2, 300, 1),
(1649, 45222, 2, 300, 1),
(1650, 17989, 2, 300, 0),
(1651, 19648, 6, 600, 1),
(1653, 56722, 4, 400, 0),
(1662, 45222, 4, 400, 1),
(1668, 17989, 6, 500, 0),
(1676, 45222, 2, 300, 1),
(1679, 45222, 4, 400, 0),
(1683, 19648, 4, 400, 1),
(1684, 45222, 6, 500, 1),
(1693, 17989, 0, 100, 0),
(1701, 56722, 0, 100, 1),
(1705, 19648, 2, 300, 1),
(1708, 56722, 6, 600, 0),
(1709, 56722, 6, 600, 0),
(1710, 45222, 6, 600, 1),
(1714, 19648, 6, 600, 1),
(1724, 19648, 0, 100, 1),
(1727, 19648, 0, 100, 1),
(1732, 56722, 4, 400, 0),
(1733, 56722, 2, 300, 1),
(1735, 17989, 2, 300, 1),
(1740, 19648, 6, 600, 1),
(1746, 56722, 6, 600, 1),
(1752, 19648, 2, 300, 0),
(1754, 19648, 0, 100, 0),
(1755, 45222, 2, 300, 0),
(1756, 19648, 2, 300, 0),
(1768, 17989, 0, 100, 1),
(1771, 17989, 4, 400, 1),
(1774, 45222, 6, 500, 1),
(1778, 56722, 0, 100, 0),
(1782, 17989, 0, 100, 1);

-- --------------------------------------------------------

--
-- Estructura de tabla para la tabla `vehiculo`
--

CREATE TABLE `vehiculo` (
  `Matricula` int(11) NOT NULL,
  `DNI` varchar(40) NOT NULL
) ENGINE=InnoDB DEFAULT CHARSET=latin1;

--
-- Volcado de datos para la tabla `vehiculo`
--

INSERT INTO `vehiculo` (`Matricula`, `DNI`) VALUES
(17219, '13703801-W'),
(17989, '85512123-W'),
(19648, '18409392-E'),
(45222, '85512123-W'),
(56722, '13703801-W');

--
-- Índices para tablas volcadas
--

--
-- Indices de la tabla `expediente`
--
ALTER TABLE `expediente`
  ADD PRIMARY KEY (`idExpediente`);

--
-- Indices de la tabla `propietario`
--
ALTER TABLE `propietario`
  ADD PRIMARY KEY (`DNI`);

--
-- Indices de la tabla `sancion`
--
ALTER TABLE `sancion`
  ADD PRIMARY KEY (`idsancion`);

--
-- Indices de la tabla `vehiculo`
--
ALTER TABLE `vehiculo`
  ADD PRIMARY KEY (`Matricula`);

/*!40101 SET CHARACTER_SET_CLIENT=@OLD_CHARACTER_SET_CLIENT */;
/*!40101 SET CHARACTER_SET_RESULTS=@OLD_CHARACTER_SET_RESULTS */;
/*!40101 SET COLLATION_CONNECTION=@OLD_COLLATION_CONNECTION */;
